City,Sector,Vet
Noida,122,Krishna Lifeline Veterinary
Delhi,22,Apollo Vets Healthcare
Delhi,12,Cure and Care Pet Clinic
Delhi,6,City Pets Care Clinic
Delhi,11,Dr. Rahuls Lifeline Pet Clinic
Delhi,10,Ashish Pet Clinic
Delhi,7,Pet Care Hospital
Delhi,6,Dr. Inder Singh
Delhi,6,Dr. Pradeep Gaur
Noida,29,Noida 18 Pet Clinic
Noida,12,Vets N Pets Veterinary Clinic
Noida,53,Radha Pet Care & Surgery Centre
Noida,12,UR Pet Clinic
Noida,18,The Ananya Pet Home Vet Clinic
Noida,54,BEST Vet Doorstep
Noida,120,Doon Pet Shop
Noida,12,Arora Pet Shop & Clinic
Noida,112,NCR Pet Shop
Noida,77,Crouching Puppy Hidden Kitty
Noida,75,S S Pet Care
Noida,4,Laxmi Dog Clinic
Noida,107,Pet Well Veterinary Clinic
Noida,45,City Paws
Noida,49,Healwell Pet Clinic
Noida,137,24x7 Pet Clinic and Surgery Center
Faridabad,81,Max Pet Clinic
Faridabad,7,Dogs & Cat Clinic
Faridabad,14,Dog Care Clinic
Faridabad,28,The Urban Pets
Noida,92,Vet Plus Pet Clinic
Noida,3,Ganga Pet Clinic
Gurgaon,5,The Pet Zone
Gurgaon,31,SKRD Veterinary Hospital
Gurgaon,5,Pet Prime Veterinary Clinic
Gurgaon,31,Paws & Claws Pet Clinic
Gurgaon,46,Pet Chikitsa Veterinary Hospital
Gurgaon,23,DCC Animal Hospital & Petcare
Gurgaon,24,CGS Veterinary Hospital
Gurgaon,45,Cessna Lifeline Veterinary Hospital
Gurgaon,28,CP Vet Hospital and Pet Shop
Gurgaon,47,Dr. Sristi Pet Well Clinic & Hospital
Gurgaon,23,Metro Pet Hospital
Gurgaon,27,Josan Petcare Clinics
Gurgaon,53,Golf Course Vets Pet Treatment and Surgery Clinic
Gurgaon,49,Happy Paws Pet Clinic
Gurgaon,65,Asteria Veterinary Center
Gurgaon,41,Om Pet Clinic
Gurgaon,14,Canward Dogs and Cats Clinic
Faridabad,35,Faridabad pt clinic & surgery center
Faridabad,39,Animo Pet World & Pet Clinic
Faridabad,42,All 4 pet care
Faridabad,31,Alakanda Pet Clinic
Faridabad,19,Dr. Bhupender Pet Laser Clinic
Faridabad,17,Dr. P K Aroras pet hospital
Faridabad,43,Dr. Ashwani Kumar 
Faridabad,72,Devashraya Animal Hospital